date,report_date,platform,daily_downloads,cumulative_total
2025-11-01,2025-11-01,appstore,0,0
2025-11-01,2025-11-01,googleplay,0,0
2025-11-02,2025-11-02,appstore,0,0
2025-11-02,2025-11-02,googleplay,0,0
2025-11-03,2025-11-03,appstore,0,0
2025-11-03,2025-11-03,googleplay,0,0
2025-11-04,2025-11-04,appstore,0,0
2025-11-04,2025-11-04,googleplay,0,0
2025-11-05,2025-11-05,appstore,0,0
2025-11-05,2025-11-05,googleplay,0,0
2025-11-06,2025-11-06,appstore,3,3
2025-11-06,2025-11-06,googleplay,0,0
2025-11-07,2025-11-07,appstore,6,9
2025-11-07,2025-11-07,googleplay,0,0
2025-11-08,2025-11-08,appstore,2,11
2025-11-08,2025-11-08,googleplay,0,0
2025-11-09,2025-11-09,appstore,0,11
2025-11-09,2025-11-09,googleplay,0,0
2025-11-10,2025-11-10,appstore,0,11
2025-11-10,2025-11-10,googleplay,0,0
2025-11-11,2025-11-11,appstore,5,16
2025-11-11,2025-11-11,googleplay,0,0
2025-11-12,2025-11-12,appstore,7,23
2025-11-12,2025-11-12,googleplay,0,0
2025-11-13,2025-11-13,appstore,10,33
2025-11-13,2025-11-13,googleplay,0,0
2025-11-14,2025-11-14,appstore,2,35
2025-11-14,2025-11-14,googleplay,0,0
2025-11-15,2025-11-15,appstore,0,35
2025-11-15,2025-11-15,googleplay,0,0
2025-11-16,2025-11-16,appstore,1,36
2025-11-16,2025-11-16,googleplay,0,0
2025-11-17,2025-11-17,appstore,0,36
2025-11-17,2025-11-17,googleplay,0,0
2025-11-18,2025-11-18,appstore,6,42
2025-11-18,2025-11-18,googleplay,0,0
2025-11-19,2025-11-19,appstore,6,48
2025-11-19,2025-11-19,googleplay,0,0
2025-11-20,2025-11-20,appstore,5,53
2025-11-20,2025-11-20,googleplay,0,0
2025-11-21,2025-11-21,appstore,3,56
2025-11-21,2025-11-21,googleplay,0,0
2025-11-22,2025-11-22,appstore,2,58
2025-11-22,2025-11-22,googleplay,0,0
2025-11-23,2025-11-23,appstore,5,63
2025-11-23,2025-11-23,googleplay,0,0
2025-11-24,2025-11-24,appstore,5,68
2025-11-24,2025-11-24,googleplay,0,0
2025-11-25,2025-11-25,appstore,7,75
2025-11-25,2025-11-25,googleplay,0,0
2025-11-26,2025-11-26,appstore,20,95
2025-11-26,2025-11-26,googleplay,0,0
2025-11-27,2025-11-27,appstore,10,105
2025-11-27,2025-11-27,googleplay,0,0
2025-11-28,2025-11-28,appstore,6,111
2025-11-28,2025-11-28,googleplay,0,0
2025-11-29,2025-11-29,appstore,2,113
2025-11-29,2025-11-29,googleplay,0,0
2025-11-30,2025-11-30,appstore,2,115
2025-11-30,2025-11-30,googleplay,0,0
2025-12-01,2025-12-01,appstore,7,122
2025-12-01,2025-12-01,googleplay,0,0
2025-12-02,2025-12-02,appstore,4,126
2025-12-02,2025-12-02,googleplay,0,0
2025-12-03,2025-12-03,appstore,7,133
2025-12-03,2025-12-03,googleplay,0,0
2025-12-04,2025-12-04,appstore,7,140
2025-12-04,2025-12-04,googleplay,0,0
2025-12-05,2025-12-05,appstore,2,142
2025-12-05,2025-12-05,googleplay,0,0
2025-12-06,2025-12-06,appstore,7,149
2025-12-06,2025-12-06,googleplay,0,0
2025-12-07,2025-12-07,appstore,5,154
2025-12-07,2025-12-07,googleplay,0,0
2025-12-08,2025-12-08,appstore,5,159
2025-12-08,2025-12-08,googleplay,0,0
2025-12-09,2025-12-09,appstore,6,165
2025-12-09,2025-12-09,googleplay,0,0
2025-12-10,2025-12-10,appstore,6,171
2025-12-10,2025-12-10,googleplay,0,0
2025-12-11,2025-12-11,appstore,6,177
2025-12-11,2025-12-11,googleplay,0,0
2025-12-12,2025-12-12,appstore,8,185
2025-12-12,2025-12-12,googleplay,0,0
2025-12-13,2025-12-13,appstore,7,192
2025-12-13,2025-12-13,googleplay,0,0
2025-12-14,2025-12-14,appstore,2,194
2025-12-14,2025-12-14,googleplay,0,0
2025-12-15,2025-12-15,appstore,6,200
2025-12-15,2025-12-15,googleplay,0,0
2025-12-16,2025-12-16,appstore,5,205
2025-12-16,2025-12-16,googleplay,0,0
2025-12-17,2025-12-17,appstore,2,207
2025-12-17,2025-12-17,googleplay,0,0
2025-12-18,2025-12-18,appstore,2,209
2025-12-18,2025-12-18,googleplay,0,0
2025-12-19,2025-12-19,appstore,2,211
2025-12-19,2025-12-19,googleplay,0,0
2025-12-20,2025-12-20,appstore,1,212
2025-12-20,2025-12-20,googleplay,0,0
2025-12-21,2025-12-21,appstore,2,214
2025-12-21,2025-12-21,googleplay,0,0
2025-12-22,2025-12-22,appstore,2,216
2025-12-22,2025-12-22,googleplay,0,0
2025-12-23,2025-12-23,appstore,0,216
2025-12-23,2025-12-23,googleplay,0,0
2025-12-24,2025-12-24,appstore,0,216
2025-12-24,2025-12-24,googleplay,0,0
2025-12-25,2025-12-25,appstore,1,217
2025-12-25,2025-12-25,googleplay,0,0
2025-12-26,2025-12-26,appstore,0,217
2025-12-26,2025-12-26,googleplay,0,0
2025-12-27,2025-12-27,appstore,2,219
2025-12-27,2025-12-27,googleplay,0,0
2025-12-28,2025-12-28,appstore,2,221
2025-12-28,2025-12-28,googleplay,0,0
2025-12-29,2025-12-29,appstore,0,221
2025-12-29,2025-12-29,googleplay,0,0
2025-12-30,2025-12-30,appstore,2,223
2025-12-30,2025-12-30,googleplay,0,0
2025-12-31,2025-12-31,appstore,2,225
2025-12-31,2025-12-31,googleplay,0,0
2026-01-01,2026-01-01,appstore,0,225
2026-01-01,2026-01-01,googleplay,0,0
2026-01-02,2026-01-02,appstore,0,225
2026-01-02,2026-01-02,googleplay,0,0
2026-01-03,2026-01-03,appstore,0,225
2026-01-03,2026-01-03,googleplay,0,0
2026-01-04,2026-01-04,appstore,1,226
2026-01-04,2026-01-04,googleplay,0,0
2026-01-05,2026-01-05,appstore,2,228
2026-01-05,2026-01-05,googleplay,0,0
2026-01-06,2026-01-06,appstore,0,228
2026-01-06,2026-01-06,googleplay,0,0
2026-01-07,2026-01-07,appstore,2,230
2026-01-07,2026-01-07,googleplay,0,0
2026-01-08,2026-01-08,appstore,2,232
2026-01-08,2026-01-08,googleplay,0,0
2026-01-09,2026-01-09,appstore,1,233
2026-01-09,2026-01-09,googleplay,0,0
2026-01-10,2026-01-10,appstore,1,234
2026-01-10,2026-01-10,googleplay,0,0
2026-01-11,2026-01-11,appstore,2,236
2026-01-11,2026-01-11,googleplay,0,0
2026-01-12,2026-01-12,appstore,4,240
2026-01-12,2026-01-12,googleplay,0,0
2026-01-13,2026-01-13,appstore,0,240
2026-01-13,2026-01-13,googleplay,0,0
2026-01-14,2026-01-14,appstore,2,242
2026-01-14,2026-01-14,googleplay,0,0
2026-01-15,2026-01-15,appstore,6,248
2026-01-15,2026-01-15,googleplay,0,0
2026-01-16,2026-01-16,appstore,2,250
2026-01-16,2026-01-16,googleplay,0,0
2026-01-17,2026-01-17,appstore,2,252
2026-01-17,2026-01-17,googleplay,0,0
2026-01-18,2026-01-18,appstore,2,254
2026-01-18,2026-01-18,googleplay,0,0
2026-01-19,2026-01-19,appstore,6,260
2026-01-19,2026-01-19,googleplay,0,0
2026-01-20,2026-01-20,appstore,2,262
2026-01-20,2026-01-20,googleplay,0,0
2026-01-21,2026-01-21,appstore,4,266
2026-01-21,2026-01-21,googleplay,0,0
2026-01-22,2026-01-22,appstore,2,268
2026-01-22,2026-01-22,googleplay,0,0
2026-01-23,2026-01-23,appstore,2,270
2026-01-23,2026-01-23,googleplay,0,0
2026-01-24,2026-01-24,appstore,5,275
2026-01-24,2026-01-24,googleplay,0,0
2026-01-25,2026-01-25,appstore,2,277
2026-01-25,2026-01-25,googleplay,2,2
2026-01-26,2026-01-26,appstore,2,279
2026-01-26,2026-01-26,googleplay,1,3
2026-01-27,2026-01-27,appstore,4,283
2026-01-27,2026-01-27,googleplay,1,4
2026-01-28,2026-01-28,appstore,4,287
2026-01-28,2026-01-28,googleplay,1,5
2026-01-29,2026-01-29,appstore,3,290
2026-01-29,2026-01-29,googleplay,3,8
2026-01-30,2026-01-30,appstore,7,297
2026-01-30,2026-01-30,googleplay,1,9
2026-01-31,2026-01-31,appstore,6,303
2026-01-31,2026-01-31,googleplay,2,11
2026-02-01,2026-02-01,appstore,3,306
2026-02-01,2026-02-01,googleplay,3,14
2026-02-02,2026-02-02,appstore,2,308
2026-02-02,2026-02-02,googleplay,4,18
2026-02-03,2026-02-03,appstore,7,315
2026-02-03,2026-02-03,googleplay,108,126
2026-02-04,2026-02-04,appstore,2,317
2026-02-04,2026-02-04,googleplay,5,131
2026-02-05,2026-02-05,appstore,4,321
2026-02-05,2026-02-05,googleplay,4,135
2026-02-06,2026-02-06,appstore,3,324
2026-02-06,2026-02-06,googleplay,7,142
2026-02-07,2026-02-07,appstore,5,329
2026-02-07,2026-02-07,googleplay,1,143
2026-02-08,2026-02-08,appstore,6,335
2026-02-08,2026-02-08,googleplay,2,145
2026-02-09,2026-02-09,appstore,6,341
2026-02-09,2026-02-09,googleplay,7,152
2026-02-10,2026-02-10,appstore,5,346
2026-02-10,2026-02-10,googleplay,2,154
2026-02-11,2026-02-11,appstore,4,350
2026-02-11,2026-02-11,googleplay,6,160
2026-02-12,2026-02-12,appstore,5,355
2026-02-12,2026-02-12,googleplay,3,163
2026-02-13,2026-02-13,appstore,6,361
2026-02-13,2026-02-13,googleplay,0,163
2026-02-16,2026-02-14,appstore,1,362
2026-02-16,2026-02-14,googleplay,2,165
2026-02-17,2026-02-15,appstore,2,364
2026-02-23,2026-02-15,googleplay,4,169
2026-02-18,2026-02-16,appstore,0,364
2026-02-23,2026-02-16,googleplay,0,169
2026-02-19,2026-02-17,appstore,6,370
2026-02-23,2026-02-17,googleplay,1,170
2026-02-23,2026-02-18,googleplay,2,172
2026-02-20,2026-02-19,appstore,2,372
2026-02-23,2026-02-19,googleplay,0,172
2026-02-22,2026-02-20,appstore,2,374
2026-02-23,2026-02-20,googleplay,0,172
2026-02-23,2026-02-21,googleplay,1,173
2026-02-23,2026-02-21,appstore,1,375
2026-02-24,2026-02-22,appstore,2,377
2026-02-27,2026-02-22,googleplay,1,174
2026-02-25,2026-02-23,appstore,3,380
2026-02-28,2026-02-23,googleplay,3,177
2026-03-01,2026-02-24,googleplay,0,177
2026-02-27,2026-02-25,appstore,1,381
2026-03-02,2026-02-25,googleplay,0,177
2026-02-28,2026-02-26,appstore,1,382
2026-03-03,2026-02-26,googleplay,5,182
2026-03-01,2026-02-27,appstore,2,384
2026-03-04,2026-02-27,googleplay,1,183
2026-03-02,2026-02-28,appstore,3,387
2026-03-05,2026-02-28,googleplay,3,186
2026-03-03,2026-03-01,appstore,3,390
2026-03-06,2026-03-01,googleplay,2,188
2026-03-04,2026-03-02,appstore,2,392
2026-03-07,2026-03-02,googleplay,0,188
2026-03-05,2026-03-03,appstore,5,397
2026-03-08,2026-03-03,googleplay,2,190
2026-03-06,2026-03-04,appstore,0,397
2026-03-09,2026-03-04,googleplay,2,192
2026-03-07,2026-03-05,appstore,3,400
2026-03-08,2026-03-06,appstore,5,405
2026-03-10,2026-03-06,googleplay,1,193
2026-03-09,2026-03-07,appstore,1,406
2026-03-12,2026-03-07,googleplay,3,196
2026-03-10,2026-03-08,appstore,0,406
2026-03-13,2026-03-08,googleplay,1,197
2026-03-11,2026-03-09,appstore,5,411
2026-03-21,2026-03-09,googleplay,1,198
2026-03-12,2026-03-10,appstore,1,412
2026-03-21,2026-03-10,googleplay,1,199
2026-03-13,2026-03-11,appstore,2,414
2026-03-21,2026-03-11,googleplay,0,199
2026-03-14,2026-03-12,appstore,0,414
2026-03-21,2026-03-12,googleplay,2,201
2026-03-15,2026-03-13,appstore,1,415
2026-03-21,2026-03-13,googleplay,1,202
2026-03-16,2026-03-14,appstore,3,418
2026-03-21,2026-03-14,googleplay,1,203
2026-03-17,2026-03-15,appstore,2,420
2026-03-21,2026-03-15,googleplay,4,207
2026-03-18,2026-03-16,appstore,2,422
2026-03-19,2026-03-17,appstore,3,425
2026-03-25,2026-03-17,googleplay,1,208
2026-03-20,2026-03-18,appstore,1,426
2026-03-21,2026-03-19,appstore,1,427
2026-03-22,2026-03-20,appstore,2,429
2026-03-23,2026-03-21,appstore,1,430
2026-03-26,2026-03-21,googleplay,0,208
2026-03-24,2026-03-22,appstore,1,431
2026-03-27,2026-03-22,googleplay,1,209
2026-03-25,2026-03-23,appstore,1,432
2026-03-28,2026-03-23,googleplay,0,209
2026-03-26,2026-03-24,appstore,3,435
2026-03-29,2026-03-24,googleplay,2,211
2026-03-30,2026-03-25,googleplay,1,212
2026-03-28,2026-03-26,appstore,4,439
2026-03-31,2026-03-26,googleplay,1,213
2026-03-29,2026-03-27,appstore,1,440
2026-04-01,2026-03-27,googleplay,3,216
2026-04-02,2026-03-28,googleplay,2,218
2026-03-31,2026-03-29,appstore,4,444
2026-04-01,2026-03-30,appstore,1,445
2026-04-02,2026-03-31,appstore,1,446
2026-04-05,2026-03-31,googleplay,0,218
2026-04-03,2026-04-01,appstore,1,447
2026-04-06,2026-04-02,googleplay,0,218
2026-04-05,2026-04-03,appstore,2,449
2026-04-08,2026-04-03,googleplay,1,219
2026-04-06,2026-04-04,appstore,1,450
2026-04-09,2026-04-04,googleplay,0,219
2026-04-07,2026-04-05,appstore,2,452
2026-04-10,2026-04-05,googleplay,2,221
2026-04-08,2026-04-06,appstore,3,455
2026-04-11,2026-04-07,googleplay,1,222
2026-04-10,2026-04-08,appstore,4,459
2026-04-11,2026-04-09,appstore,4,463
2026-04-13,2026-04-09,googleplay,1,223
2026-04-12,2026-04-10,appstore,1,464
2026-04-13,2026-04-11,appstore,2,466
2026-04-15,2026-04-11,googleplay,4,227
2026-04-14,2026-04-12,appstore,3,469
2026-04-17,2026-04-12,googleplay,2,229
2026-04-18,2026-04-13,googleplay,3,232
2026-04-19,2026-04-14,googleplay,4,236
2026-04-20,2026-04-15,googleplay,2,238
2026-04-21,2026-04-16,googleplay,3,241
2026-04-22,2026-04-17,googleplay,2,243
2026-04-23,2026-04-18,googleplay,3,246
2026-04-24,2026-04-19,googleplay,2,248
2026-04-25,2026-04-20,googleplay,0,248
2026-04-26,2026-04-21,googleplay,0,248
2026-04-27,2026-04-22,googleplay,2,250
2026-04-28,2026-04-23,googleplay,1,251
2026-04-29,2026-04-24,googleplay,1,252
2026-04-30,2026-04-25,googleplay,2,254
2026-05-01,2026-04-26,googleplay,1,255
2026-05-02,2026-04-27,googleplay,2,257
2026-05-03,2026-04-28,googleplay,1,258
2026-05-04,2026-04-29,googleplay,2,260
2026-05-19,2026-05-14,googleplay,1,261
2026-05-20,2026-05-15,googleplay,0,261
2026-05-21,2026-05-16,googleplay,1,262
2026-05-22,2026-05-17,googleplay,2,264
2026-05-23,2026-05-18,googleplay,3,267
2026-05-24,2026-05-19,googleplay,1,268
2026-05-22,2026-05-21,appstore,3,472
2026-05-25,2026-05-21,googleplay,2,270
2026-05-27,2026-05-22,googleplay,3,273
2026-05-28,2026-05-23,googleplay,0,273
2026-05-25,2026-05-24,appstore,6,478
2026-05-29,2026-05-24,googleplay,2,275
2026-05-27,2026-05-25,appstore,1,479
2026-05-31,2026-05-26,googleplay,1,276
2026-05-28,2026-05-27,appstore,3,482
2026-05-29,2026-05-28,appstore,2,484
2026-06-01,2026-05-28,googleplay,0,276
2026-06-03,2026-05-29,googleplay,1,277
2026-06-04,2026-05-30,googleplay,0,277
2026-06-01,2026-05-31,appstore,2,486
2026-06-05,2026-05-31,googleplay,1,278
2026-06-06,2026-06-01,googleplay,0,278
2026-06-03,2026-06-02,appstore,3,489
2026-06-07,2026-06-02,googleplay,2,280
2026-06-04,2026-06-03,appstore,2,491
2026-07-02,2026-06-03,googleplay,0,280
2026-06-08,2026-06-04,googleplay,3,283
2026-06-07,2026-06-05,appstore,1,492
2026-06-10,2026-06-05,googleplay,2,285
2026-06-11,2026-06-06,googleplay,0,285
2026-06-08,2026-06-07,appstore,3,495
2026-06-12,2026-06-07,googleplay,2,287
2026-06-09,2026-06-08,appstore,1,496
2026-07-02,2026-06-08,googleplay,0,287
2026-06-10,2026-06-09,appstore,3,499
2026-06-13,2026-06-09,googleplay,0,287
2026-06-11,2026-06-10,appstore,2,501
2026-07-02,2026-06-10,googleplay,0,287
2026-06-15,2026-06-11,googleplay,1,288
2026-06-14,2026-06-12,appstore,1,502
2026-06-16,2026-06-12,googleplay,0,288
2026-06-18,2026-06-13,googleplay,0,288
2026-06-15,2026-06-14,appstore,2,504
2026-06-19,2026-06-14,googleplay,3,291
2026-06-16,2026-06-15,appstore,3,507
2026-06-20,2026-06-15,googleplay,4,295
2026-06-17,2026-06-16,appstore,2,509
2026-06-21,2026-06-16,googleplay,164,459
2026-06-18,2026-06-17,appstore,10,519
2026-06-22,2026-06-17,googleplay,13,472
2026-06-19,2026-06-18,appstore,7,526
2026-07-07,2026-06-18,googleplay,149,621
2026-06-21,2026-06-19,appstore,5,531
2026-07-07,2026-06-19,googleplay,145,766
2026-07-07,2026-06-20,googleplay,113,879
2026-06-22,2026-06-21,appstore,2,533
2026-07-07,2026-06-21,googleplay,119,998
2026-06-23,2026-06-22,appstore,2,535
2026-07-07,2026-06-22,googleplay,112,1110
2026-06-24,2026-06-23,appstore,3,538
2026-07-07,2026-06-23,googleplay,130,1240
2026-06-25,2026-06-24,appstore,8,546
2026-07-07,2026-06-24,googleplay,122,1362
2026-06-26,2026-06-25,appstore,4,550
2026-07-07,2026-06-25,googleplay,122,1484
2026-06-28,2026-06-26,appstore,8,558
2026-07-07,2026-06-26,googleplay,106,1590
2026-07-07,2026-06-27,googleplay,104,1694
2026-06-29,2026-06-28,appstore,2,560
2026-07-07,2026-06-28,googleplay,119,1813
2026-07-07,2026-06-29,googleplay,94,1907
2026-07-02,2026-06-30,appstore,1,561
2026-07-07,2026-06-30,googleplay,83,1990
2026-07-03,2026-07-01,appstore,1,562
2026-07-07,2026-07-01,googleplay,148,2138
2026-07-04,2026-07-02,appstore,6,568
2026-07-07,2026-07-02,googleplay,129,2267
2026-07-05,2026-07-03,appstore,17,585
2026-07-09,2026-07-03,googleplay,104,2371
2026-07-09,2026-07-04,googleplay,130,2501
2026-07-06,2026-07-05,appstore,14,599
2026-07-12,2026-07-05,googleplay,118,2619
2026-07-08,2026-07-06,appstore,5,604
2026-07-12,2026-07-06,googleplay,121,2740
2026-07-09,2026-07-07,appstore,6,610
2026-07-12,2026-07-07,googleplay,109,2849
2026-07-10,2026-07-08,appstore,4,614
2026-07-13,2026-07-08,googleplay,114,2963
2026-07-11,2026-07-09,appstore,10,624
2026-07-14,2026-07-09,googleplay,124,3087
2026-07-12,2026-07-10,appstore,5,629
2026-07-15,2026-07-10,googleplay,102,3189
2026-07-13,2026-07-11,appstore,5,634
2026-07-16,2026-07-11,googleplay,121,3310
2026-07-14,2026-07-12,appstore,2,636
2026-07-17,2026-07-12,googleplay,101,3411
2026-07-15,2026-07-13,appstore,8,644
2026-07-18,2026-07-13,googleplay,105,3516
2026-07-16,2026-07-14,appstore,3,647
2026-07-19,2026-07-14,googleplay,103,3619
2026-07-17,2026-07-15,appstore,5,652
2026-07-20,2026-07-15,googleplay,113,3732
2026-07-18,2026-07-16,appstore,5,657
2026-07-21,2026-07-16,googleplay,102,3834
2026-07-19,2026-07-17,appstore,2,659
2026-07-22,2026-07-17,googleplay,103,3937
2026-07-20,2026-07-18,appstore,1,660
2026-07-23,2026-07-18,googleplay,139,4076
2026-07-21,2026-07-19,appstore,5,665
2026-07-26,2026-07-19,googleplay,129,4205
2026-07-22,2026-07-20,appstore,3,668
2026-07-26,2026-07-20,googleplay,164,4369
2026-07-23,2026-07-21,appstore,5,673
2026-07-26,2026-07-21,googleplay,118,4487
2026-07-24,2026-07-22,appstore,3,676
2026-07-28,2026-07-22,googleplay,140,4627
2026-07-25,2026-07-23,appstore,3,679
2026-07-28,2026-07-23,googleplay,109,4736
2026-07-26,2026-07-24,appstore,0,679
2026-08-08,2026-07-24,googleplay,108,4844
2026-07-27,2026-07-25,appstore,2,681
2026-08-08,2026-07-25,googleplay,133,4977
2026-07-28,2026-07-26,appstore,0,681
2026-08-08,2026-07-26,googleplay,119,5096
2026-07-29,2026-07-27,appstore,2,683
2026-08-08,2026-07-27,googleplay,102,5198
2026-07-30,2026-07-28,appstore,6,689
2026-08-08,2026-07-28,googleplay,134,5332
2026-07-31,2026-07-29,appstore,4,693
2026-08-08,2026-07-29,googleplay,103,5435
2026-08-01,2026-07-30,appstore,5,698
2026-08-08,2026-07-30,googleplay,121,5556
2026-08-02,2026-07-31,appstore,1,699
2026-08-08,2026-07-31,googleplay,33,5589
2026-08-03,2026-08-01,appstore,2,701
2026-08-09,2026-08-01,googleplay,1,5590
2026-08-04,2026-08-02,appstore,2,703
2026-08-09,2026-08-02,googleplay,50,5640
2026-08-05,2026-08-03,appstore,3,706
2026-08-09,2026-08-03,googleplay,18,5658
2026-08-06,2026-08-04,appstore,4,710
2026-08-09,2026-08-04,googleplay,3,5661
2026-08-07,2026-08-05,appstore,2,712
2026-08-08,2026-08-06,appstore,4,716
2026-08-09,2026-08-07,appstore,6,722
2026-08-10,2026-08-08,appstore,1,723
2026-08-11,2026-08-09,appstore,1,724
2026-08-12,2026-08-10,appstore,1,725
2026-08-13,2026-08-11,appstore,6,731
2026-08-14,2026-08-12,appstore,4,735
