fetched_on,report_date,platform,gross,net,transactions,refunds,trials,basis,native_gross
2026-09-06,2026-08-01,appstore,99.00,72.48,1,0,0,estimate,PHP:99.00
2026-09-06,2026-08-01,googleplay,0.00,0.00,0,0,0,estimate,
2026-09-06,2026-08-01,huawei,0.00,0.00,0,0,0,estimate,USD:0.00
2026-09-06,2026-08-02,appstore,0.00,0.00,0,0,0,estimate,
2026-09-06,2026-08-02,googleplay,0.00,0.00,0,0,0,estimate,
2026-09-06,2026-08-02,huawei,0.00,0.00,0,0,0,estimate,
2026-09-06,2026-08-03,appstore,0.00,0.00,0,0,0,estimate,
2026-09-06,2026-08-03,googleplay,0.00,0.00,0,0,0,estimate,
2026-09-06,2026-08-03,huawei,0.00,0.00,0,0,0,estimate,
2026-09-06,2026-08-04,appstore,0.00,0.00,0,0,0,estimate,
2026-09-06,2026-08-04,googleplay,0.00,0.00,0,0,0,estimate,
2026-09-06,2026-08-04,huawei,0.00,0.00,0,0,0,estimate,
2026-09-06,2026-08-05,appstore,0.00,0.00,0,0,0,estimate,
2026-09-06,2026-08-05,googleplay,0.00,0.00,0,0,0,estimate,
2026-09-06,2026-08-05,huawei,0.00,0.00,0,0,0,estimate,
2026-09-06,2026-08-06,appstore,0.00,0.00,0,0,0,estimate,
2026-09-06,2026-08-06,googleplay,0.00,0.00,0,0,0,estimate,
2026-09-06,2026-08-06,huawei,0.00,0.00,0,0,0,estimate,
2026-09-06,2026-08-07,appstore,0.00,0.00,0,0,0,estimate,
2026-09-06,2026-08-07,googleplay,0.00,0.00,0,0,0,estimate,
2026-09-06,2026-08-07,huawei,0.00,0.00,0,0,0,estimate,
2026-09-06,2026-08-08,appstore,0.00,0.00,0,0,1,estimate,PHP:0.00
2026-09-06,2026-08-08,googleplay,0.00,0.00,0,0,0,estimate,
2026-09-06,2026-08-08,huawei,0.00,0.00,0,0,0,estimate,
2026-09-06,2026-08-09,appstore,0.00,0.00,0,0,0,estimate,
2026-09-06,2026-08-09,googleplay,0.00,0.00,0,0,0,estimate,
2026-09-06,2026-08-09,huawei,0.00,0.00,0,0,0,estimate,
2026-09-06,2026-08-10,appstore,0.00,0.00,0,0,0,estimate,
2026-09-06,2026-08-10,googleplay,0.00,0.00,0,0,0,estimate,
2026-09-06,2026-08-10,huawei,0.00,0.00,0,0,0,estimate,
2026-09-06,2026-08-11,appstore,0.00,0.00,0,0,0,estimate,
2026-09-06,2026-08-11,googleplay,0.00,0.00,0,0,0,estimate,
2026-09-06,2026-08-11,huawei,0.00,0.00,0,0,0,estimate,
2026-09-06,2026-08-12,appstore,0.00,0.00,0,0,0,estimate,
2026-09-06,2026-08-12,googleplay,0.00,0.00,0,0,0,estimate,
2026-09-06,2026-08-12,huawei,0.00,0.00,0,0,0,estimate,
2026-09-06,2026-08-13,appstore,0.00,0.00,0,0,0,estimate,
2026-09-06,2026-08-13,googleplay,0.00,0.00,0,0,0,estimate,
2026-09-06,2026-08-13,huawei,0.00,0.00,0,0,0,estimate,
2026-09-06,2026-08-14,appstore,0.00,0.00,0,0,0,estimate,
2026-09-06,2026-08-14,googleplay,0.00,0.00,0,0,0,estimate,
2026-09-06,2026-08-14,huawei,0.00,0.00,0,0,0,estimate,
2026-09-06,2026-08-15,appstore,99.00,72.48,1,0,0,estimate,PHP:99.00
2026-09-06,2026-08-15,googleplay,0.00,0.00,0,0,0,estimate,
2026-09-06,2026-08-15,huawei,0.00,0.00,0,0,0,estimate,
2026-09-06,2026-08-16,appstore,0.00,0.00,0,0,0,estimate,
2026-09-06,2026-08-16,googleplay,0.00,0.00,0,0,0,estimate,
2026-09-06,2026-08-16,huawei,0.00,0.00,0,0,0,estimate,
2026-09-06,2026-08-17,appstore,0.00,0.00,0,0,0,estimate,
2026-09-06,2026-08-17,googleplay,0.00,0.00,0,0,0,estimate,
2026-09-06,2026-08-17,huawei,0.00,0.00,0,0,0,estimate,
2026-09-06,2026-08-18,appstore,0.00,0.00,0,0,0,estimate,
2026-09-06,2026-08-18,googleplay,0.00,0.00,0,0,0,estimate,
2026-09-06,2026-08-18,huawei,0.00,0.00,0,0,0,estimate,
2026-09-06,2026-08-19,appstore,0.00,0.00,0,0,0,estimate,
2026-09-06,2026-08-19,googleplay,0.00,0.00,0,0,0,estimate,
2026-09-06,2026-08-19,huawei,0.00,0.00,0,0,0,estimate,
2026-09-06,2026-08-20,appstore,0.00,0.00,0,0,0,estimate,
2026-09-06,2026-08-20,googleplay,0.00,0.00,0,0,0,estimate,
2026-09-06,2026-08-20,huawei,0.00,0.00,0,0,0,estimate,
2026-09-06,2026-08-21,appstore,0.00,0.00,0,0,0,estimate,
2026-09-06,2026-08-21,googleplay,0.00,0.00,0,0,0,estimate,
2026-09-06,2026-08-21,huawei,0.00,0.00,0,0,0,estimate,
2026-09-06,2026-08-22,appstore,0.00,0.00,0,0,0,estimate,
2026-09-06,2026-08-22,googleplay,99.00,84.15,1,0,0,estimate,PHP:99.00
2026-09-06,2026-08-22,huawei,0.00,0.00,0,0,0,estimate,
2026-09-06,2026-08-23,appstore,198.00,171.48,2,0,0,estimate,PHP:198.00
2026-09-06,2026-08-23,googleplay,0.00,0.00,0,0,0,estimate,
2026-09-06,2026-08-23,huawei,0.00,0.00,0,0,0,estimate,
2026-09-06,2026-08-24,appstore,0.00,0.00,0,0,0,estimate,
2026-09-06,2026-08-24,googleplay,0.00,0.00,0,0,0,estimate,
2026-09-06,2026-08-24,huawei,0.00,0.00,0,0,0,estimate,
2026-09-06,2026-08-25,appstore,0.00,0.00,0,0,0,estimate,
2026-09-06,2026-08-25,googleplay,0.00,0.00,0,0,0,estimate,
2026-09-06,2026-08-25,huawei,99.36,84.46,1,0,0,estimate,USD:1.61
2026-09-03,2026-08-26,appstore,0.00,0.00,0,0,1,estimate,USD:0.00
2026-09-03,2026-08-26,googleplay,0.00,0.00,0,0,0,estimate,
2026-09-03,2026-08-26,huawei,0.00,0.00,0,0,0,estimate,
2026-09-03,2026-08-27,appstore,0.00,0.00,0,0,0,estimate,
2026-09-03,2026-08-27,googleplay,0.00,0.00,0,0,0,estimate,
2026-09-03,2026-08-27,huawei,0.00,0.00,0,0,0,estimate,
2026-09-03,2026-08-28,appstore,0.00,0.00,0,0,1,estimate,PHP:0.00
2026-09-03,2026-08-28,googleplay,0.00,0.00,0,0,0,estimate,
2026-09-03,2026-08-28,huawei,0.00,0.00,0,0,0,estimate,
2026-09-03,2026-08-29,appstore,0.00,0.00,0,0,0,estimate,
2026-09-03,2026-08-29,googleplay,0.00,0.00,0,0,0,estimate,
2026-09-03,2026-08-29,huawei,0.00,0.00,0,0,0,estimate,
2026-09-03,2026-08-30,appstore,0.00,0.00,0,0,0,estimate,
2026-09-03,2026-08-30,googleplay,0.00,0.00,0,0,0,estimate,
2026-09-03,2026-08-30,huawei,0.00,0.00,0,0,0,estimate,
2026-09-03,2026-08-31,appstore,0.00,0.00,0,0,0,estimate,
2026-09-03,2026-08-31,googleplay,0.00,0.00,0,0,0,estimate,
2026-09-03,2026-08-31,huawei,0.00,0.00,0,0,0,estimate,
2026-09-03,2026-09-01,appstore,99.00,85.74,1,0,2,estimate,PHP:99.00;USD:0.00
2026-09-03,2026-09-01,googleplay,0.00,0.00,0,0,0,estimate,
2026-09-03,2026-09-01,huawei,0.00,0.00,0,0,0,estimate,
2026-09-03,2026-09-02,appstore,0.00,0.00,0,0,2,estimate,PHP:0.00
2026-09-03,2026-09-02,googleplay,99.00,84.15,1,0,0,estimate,PHP:99.00
2026-09-03,2026-09-02,huawei,0.00,0.00,0,0,0,estimate,
2026-09-04,2026-09-03,appstore,0.00,0.00,0,0,0,estimate,
2026-09-04,2026-09-03,googleplay,99.00,84.15,1,0,0,estimate,PHP:99.00
2026-09-04,2026-09-03,huawei,0.00,0.00,0,0,0,estimate,
2026-09-05,2026-09-04,googleplay,0.00,0.00,0,0,0,estimate,
2026-09-05,2026-09-04,huawei,0.00,0.00,0,0,0,estimate,
